-- Users
INSERT INTO HAGUE_USER (ID, EXTERNAL_KEY, PASSWORD, FIRST_NAME, LAST_NAME, PHONE, EMAIL) VALUES (1, 'guest', 'Everis.2017', 'Guest', '', '965131122', 'guest@test.com');
INSERT INTO HAGUE_USER (ID, EXTERNAL_KEY, PASSWORD, FIRST_NAME, LAST_NAME, PHONE, EMAIL) VALUES (2, 'hague-fo', 'Everis.2017','Hague', 'FO', '965131123', 'hague-fo@test.com');
INSERT INTO HAGUE_USER (ID, EXTERNAL_KEY, PASSWORD, FIRST_NAME, LAST_NAME, PHONE, EMAIL) VALUES (3, 'hague-bo', 'Everis.2017', 'Hague', 'BO', '965131124', 'hague-bo@test.com');
INSERT INTO HAGUE_USER (ID, EXTERNAL_KEY, PASSWORD, FIRST_NAME, LAST_NAME, PHONE, EMAIL) VALUES (4, 'system', 'Everis.2017','System', 'Sys', '965131125', 'system@test.com');
INSERT INTO HAGUE_USER (ID, EXTERNAL_KEY, PASSWORD, FIRST_NAME, LAST_NAME, PHONE, EMAIL) VALUES (5, 'examiner1', 'Everis.2017', 'Examiner', '1', '965131126', 'examiner1@test.com');
INSERT INTO HAGUE_USER (ID, EXTERNAL_KEY, PASSWORD, FIRST_NAME, LAST_NAME, PHONE, EMAIL) VALUES (6, 'examiner2', 'Everis.2017', 'Examiner', '2', '965131127', 'examiner2@test.com');
INSERT INTO HAGUE_USER (ID, EXTERNAL_KEY, PASSWORD, FIRST_NAME, LAST_NAME, PHONE, EMAIL) VALUES (7, 'supervisor1', 'Everis.2017', 'Supervisor', '1', '965131128', 'supervisor1@test.com');
INSERT INTO HAGUE_USER (ID, EXTERNAL_KEY, PASSWORD, FIRST_NAME, LAST_NAME, PHONE, EMAIL) VALUES (8, 'supervisor2', 'Everis.2017', 'Supervisor', '2', '965131129', 'supervisor2@test.com');
INSERT INTO HAGUE_USER (ID, EXTERNAL_KEY, PASSWORD, FIRST_NAME, LAST_NAME, PHONE, EMAIL) VALUES (9, 'supervisor3', 'Everis.2017', 'Supervisor', '3', '965131130', 'supervisor3@test.com');
INSERT INTO HAGUE_USER (ID, EXTERNAL_KEY, PASSWORD, FIRST_NAME, LAST_NAME, PHONE, EMAIL) VALUES (10, 'supervisor4', 'Everis.2017', 'Supervisor', '4', '965131131', 'supervisor4@test.com');
INSERT INTO HAGUE_USER (ID, EXTERNAL_KEY, PASSWORD, FIRST_NAME, LAST_NAME, PHONE, EMAIL) VALUES (11, 'dataentry1', 'Everis.2017', 'Officer', '1', '965131132', 'dataentry1@test.com');
INSERT INTO HAGUE_USER (ID, EXTERNAL_KEY, PASSWORD, FIRST_NAME, LAST_NAME, PHONE, EMAIL) VALUES (12, 'dataentry2', 'Everis.2017', 'Officer', '2', '965234489', 'dataentry2@test.com');
INSERT INTO HAGUE_USER (ID, EXTERNAL_KEY, PASSWORD, FIRST_NAME, LAST_NAME, PHONE, EMAIL) VALUES (13, 'dataentry3', 'Everis.2017', 'Officer', '3', '965682834', 'dataentry3@test.com');
INSERT INTO HAGUE_USER (ID, EXTERNAL_KEY, PASSWORD, FIRST_NAME, LAST_NAME, PHONE, EMAIL) VALUES (14, 'dataentry4', 'Everis.2017', 'Officer', '4', '965182934', 'dataentry4@test.com');

-- Roles
INSERT INTO ROLE (ID, CODE) VALUES (1, 'ROLE_GUESS');
INSERT INTO ROLE (ID, CODE) VALUES (2, 'ROLE_MANAGER');
INSERT INTO ROLE (ID, CODE) VALUES (3, 'ROLE_EXAMINER');
INSERT INTO ROLE (ID, CODE) VALUES (4, 'ROLE_SUPERVISOR');
INSERT INTO ROLE (ID, CODE) VALUES (5, 'ROLE_DATA_ENTRY_OFFICER');

-- Associations between HAGUE_USER and ROLE
INSERT INTO USER_NN_ROLE (USER_ID, ROLE_ID) VALUES (1, 1);
INSERT INTO USER_NN_ROLE (USER_ID, ROLE_ID) VALUES (2, 1);
INSERT INTO USER_NN_ROLE (USER_ID, ROLE_ID) VALUES (3, 2);
INSERT INTO USER_NN_ROLE (USER_ID, ROLE_ID) VALUES (4, 2);
INSERT INTO USER_NN_ROLE (USER_ID, ROLE_ID) VALUES (5, 3);
INSERT INTO USER_NN_ROLE (USER_ID, ROLE_ID) VALUES (6, 3);
INSERT INTO USER_NN_ROLE (USER_ID, ROLE_ID) VALUES (7, 4);
INSERT INTO USER_NN_ROLE (USER_ID, ROLE_ID) VALUES (8, 4);
INSERT INTO USER_NN_ROLE (USER_ID, ROLE_ID) VALUES (9, 4);
INSERT INTO USER_NN_ROLE (USER_ID, ROLE_ID) VALUES (10, 4);
INSERT INTO USER_NN_ROLE (USER_ID, ROLE_ID) VALUES (11, 5);
INSERT INTO USER_NN_ROLE (USER_ID, ROLE_ID) VALUES (12, 5);
INSERT INTO USER_NN_ROLE (USER_ID, ROLE_ID) VALUES (13, 5);
INSERT INTO USER_NN_ROLE (USER_ID, ROLE_ID) VALUES (14, 5);

-- Permissions
INSERT INTO PERMISSION (ID, CODE) VALUES (1, 'FRONT');
INSERT INTO PERMISSION (ID, CODE) VALUES (2, 'BACK');
INSERT INTO PERMISSION (ID, CODE) VALUES (3, 'MANAGER');
INSERT INTO PERMISSION (ID, CODE) VALUES (4, 'EXAMINER');
INSERT INTO PERMISSION (ID, CODE) VALUES (5, 'SUPERVISOR');
INSERT INTO PERMISSION (ID, CODE) VALUES (6, 'DATA_ENTRY_OFFICER');

-- Associations between ROLE and PERMISSION
INSERT INTO ROLE_NN_PERMISSION (ROLE_ID, PERMISSION_ID) VALUES (1, 1);
INSERT INTO ROLE_NN_PERMISSION (ROLE_ID, PERMISSION_ID) VALUES (1, 2);
INSERT INTO ROLE_NN_PERMISSION (ROLE_ID, PERMISSION_ID) VALUES (2, 2);
INSERT INTO ROLE_NN_PERMISSION (ROLE_ID, PERMISSION_ID) VALUES (2, 3);
INSERT INTO ROLE_NN_PERMISSION (ROLE_ID, PERMISSION_ID) VALUES (3, 2);
INSERT INTO ROLE_NN_PERMISSION (ROLE_ID, PERMISSION_ID) VALUES (3, 4);
INSERT INTO ROLE_NN_PERMISSION (ROLE_ID, PERMISSION_ID) VALUES (4, 2);
INSERT INTO ROLE_NN_PERMISSION (ROLE_ID, PERMISSION_ID) VALUES (4, 5);
INSERT INTO ROLE_NN_PERMISSION (ROLE_ID, PERMISSION_ID) VALUES (5, 2);
INSERT INTO ROLE_NN_PERMISSION (ROLE_ID, PERMISSION_ID) VALUES (5, 6);

-- To verify that everything is right with the inserts above, you can execute this SELECT:
-- SELECT EXTERNAL_KEY, P.CODE FROM HAGUE_USER U JOIN USER_NN_ROLE UR ON U.ID = UR.USER_ID JOIN ROLE R ON UR.ROLE_ID = R.ID
-- JOIN ROLE_NN_PERMISSION RP ON R.ID = RP.ROLE_ID JOIN PERMISSION P ON RP.PERMISSION_ID = P.ID ORDER BY U.ID, P.CODE;

-- Update sequences to avoid collisions when creating new records
ALTER SEQUENCE PERMISSION_SEQ INCREMENT BY 100;
SELECT PERMISSION_SEQ.NEXTVAL FROM DUAL;
ALTER SEQUENCE PERMISSION_SEQ INCREMENT BY 1;

ALTER SEQUENCE ROLE_SEQ INCREMENT BY 100;
SELECT ROLE_SEQ.NEXTVAL FROM DUAL;
ALTER SEQUENCE ROLE_SEQ INCREMENT BY 1;

ALTER SEQUENCE SETTING_PARAM_SEQ INCREMENT BY 100;
SELECT SETTING_PARAM_SEQ.NEXTVAL FROM DUAL;
ALTER SEQUENCE SETTING_PARAM_SEQ INCREMENT BY 1;

ALTER SEQUENCE USER_SEQ INCREMENT BY 100;
SELECT USER_SEQ.NEXTVAL FROM DUAL;
ALTER SEQUENCE USER_SEQ INCREMENT BY 1;

ALTER SEQUENCE USER_SETTING_SEQ INCREMENT BY 100;
SELECT USER_SETTING_SEQ.NEXTVAL FROM DUAL;
ALTER SEQUENCE USER_SETTING_SEQ INCREMENT BY 1;
